timestamp,product,price,bid,ask,change_7d_pct,sma_7,sma_14,rsi_14,action,confidence,time_horizon,price_target,stop_loss,reasoning,trade_eth,trade_eur,trade_note,paper_eur,paper_eth,paper_avg_buy
2026-04-10 08:47,ETH-EUR,1869.26,1869.08,1869.45,4.2,1855.9,1818.01,67.9,HOLD,6,short-term (days),,,"ETH shows recent strength with +4.2% weekly gains and price above both 7-day and 14-day SMAs, but RSI at 67.9 suggests approaching overbought territory. Mixed news sentiment and proximity to resistance levels around €1916 warrant caution before establishing new positions.",0.0,0.0,Holding position,1000.0,0.0,0.0
2026-04-10 11:37,ETH-EUR,1895.6,1895.31,1895.89,5.67,1859.37,1819.74,70.1,HOLD,6,short-term (days),,1850.0,"ETH shows strong momentum with +5.7% weekly gains and price above both SMAs, but RSI at 70.1 indicates overbought conditions. Mixed news sentiment and proximity to technical resistance suggests waiting for a clearer signal or pullback entry.",0.0,0.0,Holding position,1000.0,0.0,0.0
2026-04-10 17:21,ETH-EUR,1915.05,1914.94,1915.16,6.75,1862.2786,1821.1957,71.5,HOLD,5,short-term (days),,,"ETH shows strong recent momentum with +6.8% weekly gains and bullish news sentiment, but RSI at 71.5 indicates overbought conditions. Price is trading above both 7-day and 14-day SMAs, suggesting uptrend, but the overbought signal warrants caution for new entries.",0.0,0.0,Holding — no trade,1000.0
2026-04-10 17:21,BTC-EUR,62221.265,62221.26,62221.27,6.45,60605.0071,59395.3014,76.5,HOLD,4,short-term (days),,,"While BTC shows strong upward momentum with +6.5% weekly gains and positive news flow, the RSI at 76.5 indicates overbought conditions. The price has risen from €57,697 to €62,224 in two weeks, suggesting a potential pullback before further gains.",0.0,0.0,Holding — no trade,1000.0
2026-04-10 17:21,XRP-EUR,1.154,1.1539,1.154,1.06,1.1539,1.154,48.1,HOLD,5,short-term (days),,,"XRP is trading in a tight range around €1.154 with neutral RSI at 48.1, showing indecision in the market. While recent news is positive regarding institutional adoption and fund inflows, the price action shows consolidation after hitting resistance around €1.18, suggesting uncertainty.",0.0,0.0,Holding — no trade,1000.0
2026-04-10 17:21,SOL-EUR,72.405,72.4,72.41,3.14,71.19,70.9086,52.9,HOLD,5,short-term (days),,,"SOL shows mixed signals with price trading above both SMAs (+2% above 7-day, +2.1% above 14-day) and neutral RSI at 52.9, but recent news highlights significant volatility with mentions of a 68% plunge and general altcoin weakness in Q1. The tight bid-ask spread and recent 7-day gain of 3.1% suggest some recovery, but insufficient conviction for entry given the cautious stance required.",0.0,0.0,Holding — no trade,1000.0
2026-04-10 17:21,LTC-EUR,46.98,46.97,46.99,0.97,46.7629,46.5471,51.2,HOLD,5,short-term (days),,,"LTC-EUR shows sideways consolidation around €46-47 range with minimal momentum. While RSI at 51.2 indicates neutral territory and 7-day gain of 1% is modest positive, the price action lacks clear directional conviction with tight trading range over 14 days.",0.0,0.0,Holding — no trade,1000.0
2026-04-10 17:21,DOGE-EUR,0.0801,0.08,0.0801,0.25,0.0798,0.0795,54.4,HOLD,5,short-term (days),,,"DOGE-EUR shows mixed signals with minimal 7-day growth of +0.2% and price consolidating in a tight range around €0.079-€0.080. While RSI at 54.4 indicates neutral momentum and recent news mentions some positive developments, the sideways price action and low volatility suggest insufficient conviction for entry at current levels.",0.0,0.0,Holding — no trade,1000.0
2026-04-10 17:37,ETH-EUR,1914.465,1914.29,1914.64,6.72,1862.0429,1821.0779,71.4,HOLD,5,short-term (days),,,"ETH is showing strong momentum with +6.7% weekly gains and positive news flow, but RSI at 71.4 indicates overbought conditions. The price is trading 2.8% above the mid-price, suggesting potential near-term pullback risk.",0.0,0.0,Holding — no trade,1000.0
2026-04-10 17:37,BTC-EUR,62221.485,62220.54,62222.43,6.45,60604.9657,59395.2807,76.5,HOLD,4,short-term (days),,,"While BTC shows strong upward momentum with +6.5% weekly gain and positive news flow, the RSI at 76.5 indicates overbought conditions. The current price at €62,221 is well above both SMA-7 and SMA-14, suggesting potential for near-term correction.",0.0,0.0,Holding — no trade,1000.0
2026-04-10 17:37,XRP-EUR,1.153,1.1529,1.1531,0.97,1.1537,1.1539,47.7,HOLD,5,short-term (days),,,"XRP is trading in a tight sideways range around €1.15 with neutral RSI at 47.7 and minimal momentum despite positive news flow. The price is consolidating between support around €1.14 and resistance at €1.18, requiring a clear breakout for directional conviction.",0.0,0.0,Holding — no trade,1000.0
2026-04-10 17:37,SOL-EUR,72.235,72.23,72.24,2.9,71.1743,70.9007,52.6,HOLD,5,short-term (days),,,"SOL shows mixed signals with price above both SMAs and neutral RSI at 52.6, but recent volatility and negative news sentiment create uncertainty. The 7-day gain of 2.9% is positive, yet the broader context suggests waiting for clearer directional momentum.",0.0,0.0,Holding — no trade,1000.0
2026-04-10 17:37,LTC-EUR,46.91,46.9,46.92,0.82,46.7529,46.5421,50.7,HOLD,5,short-term (days),,,"LTC-EUR shows mixed signals with price consolidating in a tight range around €46.50-€47.40 over 14 days. While the 7-day SMA (€46.75) is slightly above the 14-day SMA (€46.54) indicating short-term bullish momentum, the RSI at 50.7 suggests neutral territory with no clear directional bias.",0.0,0.0,Holding — no trade,1000.0
2026-04-10 17:37,DOGE-EUR,0.0798,0.0797,0.0799,-0.13,0.0798,0.0795,53.2,HOLD,5,short-term (days),,,"DOGE-EUR shows sideways consolidation with minimal 7-day movement (-0.1%) and neutral RSI at 53.2. Price is hovering around both SMA-7 and SMA-14 levels, indicating lack of clear directional momentum.",0.0,0.0,Holding — no trade,1000.0
2026-04-10 19:58,ETH-EUR,1923.005,1922.78,1923.23,7.19,1863.3286,1821.7207,72.0,HOLD,5,short-term (days),,,"ETH shows strong momentum with +7.2% weekly gain and price above both SMAs, but RSI at 72 indicates overbought conditions. The positive news around crypto regulation and staking adoption is encouraging, however the technical setup suggests a potential pullback before further upside.",0.0,0.0,Holding — no trade,1000.0
2026-04-10 19:59,BTC-EUR,62486.305,62486.3,62486.31,6.91,60641.1514,59413.3736,77.2,HOLD,4,short-term (days),,,"While BTC shows strong upward momentum with +6.9% weekly gains and positive news flow, the RSI at 77.2 indicates severely overbought conditions. The price has climbed from €57,697 to €62,477 in just 14 days, suggesting a potential near-term pullback is likely.",0.0,0.0,Holding — no trade,1000.0
2026-04-10 19:59,XRP-EUR,1.1625,1.1624,1.1626,1.8,1.1548,1.1545,50.6,HOLD,6,short-term (days),,,"XRP shows mixed signals with price above both SMAs and neutral RSI at 50.6, but recent volatility (€1.1419 to €1.1811 range) indicates uncertainty. While news sentiment is positive with institutional adoption and fund inflows, the technical picture lacks strong directional conviction.",0.0,0.0,Holding — no trade,1000.0
2026-04-10 19:59,SOL-EUR,72.905,72.9,72.91,3.85,71.26,70.9436,54.1,HOLD,5,short-term (days),,,"SOL shows mixed signals with price above both SMAs and neutral RSI, but high volatility (€68.43-€73.22 range) creates uncertainty. Recent news mentions a 68% plunge and Q1 altcoin weakness, suggesting broader market headwinds that warrant caution.",0.0,0.0,Holding — no trade,1000.0
2026-04-10 19:59,LTC-EUR,47.15,47.14,47.16,1.33,46.7829,46.5571,52.1,HOLD,5,short-term (days),,,"LTC shows modest upward momentum with price above both 7-day and 14-day SMAs, and neutral RSI at 52.1 suggests no extreme conditions. However, the recent price action shows mixed signals with limited breakout conviction, and trading range remains relatively tight between €45-47.",0.0,0.0,Holding — no trade,1000.0
2026-04-10 19:59,DOGE-EUR,0.0811,0.0811,0.0812,1.5,0.0799,0.0795,58.1,HOLD,5,short-term (days),,,"DOGE shows mixed signals with price trading above both SMAs and moderate positive momentum (+1.5% weekly), but the trading range remains tight between €0.078-€0.081. RSI at 58.1 indicates neutral territory without strong directional bias.",0.0,0.0,Holding — no trade,1000.0
2026-04-10 21:57,ETH-EUR,1924.14,1924.0,1924.28,7.26,1863.3857,1821.7493,72.0,HOLD,6,short-term (days),,,"ETH shows strong upward momentum with +7.3% weekly gain and price above both SMA-7 and SMA-14, supported by positive news flow. However, RSI at 72 indicates overbought conditions, suggesting potential for near-term pullback before further gains.",0.0,0.0,Holding — no trade,1000.0
2026-04-10 21:57,BTC-EUR,62450.345,62450.34,62450.35,6.84,60634.6229,59410.1093,77.1,HOLD,4,short-term (days),,,"While the 14-day uptrend (+8.15% from €57,697 to €62,431) and positive news sentiment suggest bullish momentum, the RSI-14 at 77.1 indicates severely overbought conditions. The price trading above both SMA-7 and SMA-14 confirms the uptrend, but the high RSI combined with the strong recent rally suggests elevated risk of a near-term correction.",0.0,0.0,Holding — no trade,1000.0
2026-04-10 21:57,XRP-EUR,1.1608,1.1605,1.1611,1.66,1.1548,1.1544,50.5,HOLD,6,short-term (days),,,"XRP shows mixed signals with price trading above both SMAs and modest 7-day gains, but recent volatility (€1.1419 to €1.1811 range) indicates uncertainty. While news sentiment is positive regarding regulatory clarity and adoption, the neutral RSI and sideways price action suggest waiting for a clearer directional bias.",0.0,0.0,Holding — no trade,1000.0
2026-04-10 21:57,SOL-EUR,72.735,72.73,72.74,3.61,71.2386,70.9329,53.8,HOLD,6,short-term (days),,,"SOL shows mixed signals with positive 7-day momentum (+3.6%) and price above both SMAs, but exhibits high volatility with a €5 trading range over 14 days. The neutral RSI (53.8) and lack of SOL-specific positive catalysts in recent news suggest waiting for clearer directional signals.",0.0,0.0,Holding — no trade,1000.0
2026-04-10 21:57,LTC-EUR,47.095,47.09,47.1,1.21,46.7771,46.5543,51.8,HOLD,5,short-term (days),,,"LTC-EUR shows mixed signals with price trading above both SMAs (+0.67% above SMA-7) and neutral RSI at 51.8, indicating neither oversold nor overbought conditions. While the 7-day change of +1.2% is positive, the price action remains largely sideways within a tight €45.33-€47.38 range with no clear directional bias.",0.0,0.0,Holding — no trade,1000.0
2026-04-10 21:57,DOGE-EUR,0.0804,0.0804,0.0805,0.63,0.0799,0.0795,55.9,HOLD,5,short-term (days),,,"DOGE-EUR shows mixed signals with price consolidating in a narrow range around €0.079-0.081 over 14 days. While RSI at 55.9 indicates neutral momentum and recent news is generally positive for crypto, the modest 0.6% weekly gain and choppy price action suggest lack of clear directional conviction.",0.0,0.0,Holding — no trade,1000.0
2026-04-10 23:54,ETH-EUR,1915.27,1915.2,1915.34,6.76,1862.2371,1821.175,71.5,HOLD,4,short-term (days),,,"ETH is showing strong momentum with +6.8% weekly gains and trading above both SMAs, but RSI at 71.5 indicates overbought conditions. The recent surge from €1782 to €1915 suggests potential for a near-term pullback before any sustainable continuation.",0.0,0.0,Holding — no trade,1000.0
2026-04-10 23:54,BTC-EUR,62244.815,62244.81,62244.82,6.49,60608.5429,59397.0693,76.6,HOLD,4,short-term (days),,,"Despite strong momentum with BTC climbing 6.5% over 7 days and positive news flow, the RSI at 76.6 indicates severely overbought conditions. The price has moved significantly above both SMA-7 and SMA-14, suggesting a potential pullback is due before any sustainable upward move.",0.0,0.0,Holding — no trade,1000.0
2026-04-10 23:54,XRP-EUR,1.1572,1.1571,1.1572,1.34,1.1543,1.1542,49.3,HOLD,6,short-term (days),,,"XRP shows mixed signals with current price above both SMAs and neutral RSI at 49.3, indicating neither oversold nor overbought conditions. While recent news is positive regarding regulatory clarity and cost savings demonstrations, the price action has been sideways with high volatility over the past week.",0.0,0.0,Holding — no trade,1000.0
2026-04-10 23:54,SOL-EUR,72.33,72.32,72.34,3.03,71.1857,70.9064,52.8,HOLD,6,short-term (days),,,"SOL shows mixed signals with price above both SMAs and neutral RSI at 52.8, indicating neither oversold nor overbought conditions. While the 7-day gain of 3% and positive news around Solana ecosystem funding are encouraging, the high volatility (€68.43 to €73.22 range) and uncertain broader market conditions warrant caution.",0.0,0.0,Holding — no trade,1000.0
2026-04-10 23:54,LTC-EUR,46.895,46.89,46.9,0.78,46.7514,46.5414,50.6,HOLD,5,short-term (days),,,"LTC-EUR shows sideways consolidation around €46.50-€47.40 range with neutral RSI at 50.6 and minimal 7-day gains of 0.8%. While recent news about crypto trading expansion in Europe is positive, the price action lacks clear directional momentum and the tight order book spread suggests limited volatility.",0.0,0.0,Holding — no trade,1000.0
2026-04-10 23:54,DOGE-EUR,0.0799,0.0799,0.08,0.0,0.0798,0.0795,54.0,HOLD,5,short-term (days),,,"DOGE-EUR shows sideways consolidation with 0% weekly change and price oscillating in a tight €0.0784-€0.0812 range. While RSI at 54 indicates neutral momentum and price sits near 7-day SMA, the lack of clear directional bias and high volatility within the range suggests waiting for a clearer breakout signal.",0.0,0.0,Holding — no trade,1000.0
2026-04-11 05:19,ETH-EUR,1907.43,1907.38,1907.48,4.11,1878.5557,1833.5814,71.1,HOLD,4,short-term (days),,,"ETH shows strong upward momentum with +4.1% weekly gains and price above both SMAs, but RSI at 71.1 indicates overbought conditions. The conflicting technical signals combined with recent volatility (€1782-€1916 range) suggest waiting for a better entry point or RSI cooldown.",0.0,0.0,Holding — no trade,1000.0
2026-04-11 05:19,BTC-EUR,62110.145,62110.14,62110.15,3.59,61132.5971,59712.7936,77.1,HOLD,4,short-term (days),,,"RSI at 77.1 indicates overbought conditions with significant momentum exhaustion risk. While the uptrend remains intact with price above both SMAs, the risk-reward ratio is unfavorable at current levels for new long positions.",0.0,0.0,Holding — no trade,1000.0
2026-04-11 05:20,XRP-EUR,1.1501,1.1496,1.1506,-0.38,1.1555,1.1536,48.3,HOLD,5,short-term (days),,,"XRP shows mixed signals with price currently below both 7-day and 14-day SMAs, indicating short-term weakness despite positive news flow. The RSI at 48.3 suggests neutral momentum, and the recent volatility (ranging from €1.1419 to €1.1811) indicates an unstable price environment that requires more clarity before entry.",0.0,0.0,Holding — no trade,1000.0
2026-04-11 05:20,SOL-EUR,71.845,71.84,71.85,1.01,71.4271,70.9429,52.7,HOLD,5,short-term (days),,,"SOL shows mixed signals with price trading near 14-day average but above 7-day SMA, indicating sideways consolidation. While positive news like Alchemy's $20M fund provides fundamental support, the overall market sentiment appears uncertain with altcoins experiencing Q1 dips.",0.0,0.0,Holding — no trade,1000.0
2026-04-11 05:20,LTC-EUR,46.58,46.57,46.59,-1.13,46.7657,46.5279,51.5,HOLD,5,short-term (days),,,"LTC-EUR shows mixed signals with price consolidating around €46.58, near the 14-day SMA but below 7-day SMA. The -1.1% weekly decline and neutral RSI of 51.5 indicate lack of clear directional momentum.",0.0,0.0,Holding — no trade,1000.0
2026-04-11 05:20,DOGE-EUR,0.0796,0.0795,0.0796,-0.87,0.0797,0.0795,53.0,HOLD,5,short-term (days),,,"DOGE-EUR shows mixed signals with price oscillating in a tight range around €0.0795 over 14 days. While RSI at 53 indicates neutral momentum and recent crypto market sentiment appears positive, the -0.9% weekly decline and highly volatile intraday movements suggest uncertainty.",0.0,0.0,Holding — no trade,1000.0
2026-04-11 08:02,ETH-EUR,1905.64,1905.56,1905.72,4.02,1878.2943,1833.4507,70.8,HOLD,5,short-term (days),,,"ETH shows strong upward momentum with +4% weekly gains and price above both SMAs, but RSI at 70.8 indicates overbought conditions. The tight bid-ask spread and positive news sentiment are encouraging, however the overbought technical signal suggests potential for near-term pullback.",0.0,0.0,Holding — no trade,1000.0
2026-04-11 08:02,BTC-EUR,62093.805,62093.8,62093.81,3.57,61131.3886,59712.1893,77.0,HOLD,4,short-term (days),,,"While BTC shows strong upward momentum with +3.6% weekly gains and positive news flow, the RSI at 77 indicates severely overbought conditions. The recent price surge from €57,481 to €62,091 represents an 8% move in two weeks, suggesting a potential near-term correction is likely.",0.0,0.0,Holding — no trade,1000.0
2026-04-11 08:02,XRP-EUR,1.1494,1.1492,1.1495,-0.44,1.1554,1.1535,48.0,HOLD,5,short-term (days),,,"XRP-EUR is showing mixed signals with price below both SMA-7 and SMA-14, indicating short-term weakness despite recent positive news coverage. The RSI at 48 suggests neutral momentum, and the -0.4% weekly decline shows consolidation rather than clear directional bias.",0.0,0.0,Holding — no trade,1000.0
2026-04-11 08:02,SOL-EUR,71.895,71.89,71.9,1.08,71.4314,70.945,52.8,HOLD,6,short-term (days),,,"SOL-EUR shows mixed signals with price consolidating around €71-72 range. While the 7-day momentum is positive (+1.1%) and RSI is neutral at 52.8, the price action remains sideways with high volatility and no clear breakout direction.",0.0,0.0,Holding — no trade,1000.0
2026-04-11 08:03,LTC-EUR,46.575,46.57,46.58,-1.14,46.7614,46.5257,51.3,HOLD,5,short-term (days),,,"LTC-EUR shows mixed signals with price trading sideways around €46.5-47 range over 14 days. While RSI at 51.3 indicates neutral momentum and recent news mentions Litecoin positively, the -1.1% weekly decline and lack of clear directional bias suggest waiting for stronger confirmation.",0.0,0.0,Holding — no trade,1000.0
2026-04-11 08:03,DOGE-EUR,0.0793,0.0792,0.0793,-1.25,0.0797,0.0795,51.7,HOLD,4,short-term (days),,,"DOGE-EUR shows mixed signals with price trading below both SMA-7 and SMA-14, indicating short-term weakness despite neutral RSI at 51.7. The 1.2% decline over 7 days and current consolidation around €0.0793 suggests lack of clear directional momentum.",0.0,0.0,Holding — no trade,1000.0
2026-04-11 10:58,ETH-EUR,1913.31,1913.19,1913.43,4.43,1879.39,1833.9986,72.1,HOLD,5,short-term (days),,,"ETH is showing strong upward momentum with +4.4% weekly gains and trading well above both SMAs, but RSI at 72.1 indicates overbought conditions. The recent rally from €1782 to €1913 suggests potential for a pullback before further upside.",0.0,0.0,Holding — no trade,1000.0
2026-04-11 10:58,BTC-EUR,62191.555,62191.55,62191.56,3.73,61145.0871,59719.0386,77.9,HOLD,5,short-term (days),,,"While BTC shows strong upward momentum with +3.7% weekly gains and positive news flow, the RSI-14 at 77.9 indicates overbought conditions. The price is trading above both SMA-7 and SMA-14, but the extreme RSI reading suggests a pullback may be imminent.",0.0,0.0,Holding — no trade,1000.0
2026-04-11 10:58,XRP-EUR,1.1507,1.1507,1.1508,-0.33,1.1556,1.1536,48.5,HOLD,5,short-term (days),,,"XRP is showing mixed signals with price trading below both SMA-7 and SMA-14, indicating short-term weakness, while RSI at 48.5 suggests neutral momentum. The recent volatility (spike to €1.1811 followed by decline) and minimal 7-day change of -0.3% suggest consolidation rather than a clear directional trend.",0.0,0.0,Holding — no trade,1000.0
2026-04-11 10:58,SOL-EUR,71.795,71.79,71.8,0.93,71.4186,70.9386,52.5,HOLD,6,short-term (days),,,"SOL shows mixed signals with price trading near SMA-7 (€71.42) and neutral RSI at 52.5, indicating sideways consolidation. While recent news is positive with Alchemy's $20M fund and broader crypto strength, the 14-day price action shows high volatility without clear directional bias.",0.0,0.0,Holding — no trade,1000.0
2026-04-11 10:58,LTC-EUR,46.59,46.58,46.6,-1.1,46.7643,46.5271,51.5,HOLD,5,short-term (days),,,"LTC-EUR shows mixed signals with price consolidating around €46.60 level and neutral RSI at 51.5. While the 7-day decline of -1.1% suggests recent weakness, the price remains above the 14-day SMA, indicating potential support.",0.0,0.0,Holding — no trade,1000.0
2026-04-11 10:58,DOGE-EUR,0.0794,0.0793,0.0794,-1.12,0.0797,0.0795,52.6,HOLD,5,short-term (days),,,DOGE-EUR shows mixed signals with price trading below 7-day SMA (€0.0797) but near neutral RSI (52.6). The -1.1% weekly decline and recent volatility between €0.0784-€0.0812 suggests consolidation rather than clear directional momentum.,0.0,0.0,Holding — no trade,1000.0
2026-04-11 11:57,ETH-EUR,1918.015,1917.94,1918.09,4.69,1880.0843,1834.3457,72.7,HOLD,4,short-term (days),,,"ETH shows strong upward momentum with +4.7% weekly gain and price above both SMAs, but RSI at 72.7 indicates overbought conditions. The recent rally from €1782 to €1918 suggests potential for a pullback before continuation.",0.0,0.0,Holding — no trade,1000.0
2026-04-11 11:57,BTC-EUR,62239.365,62239.36,62239.37,3.81,61152.5071,59722.7486,78.4,HOLD,4,short-term (days),,,"Bitcoin shows strong momentum with consistent upward movement and positive news flow, but RSI at 78.4 indicates severe overbought conditions. The recent surge from €57,481 to €62,239 (+8.3% in 14 days) suggests potential for near-term consolidation or pullback.",0.0,0.0,Holding — no trade,1000.0
2026-04-11 11:57,XRP-EUR,1.1491,1.149,1.1492,-0.47,1.1554,1.1535,47.9,HOLD,5,short-term (days),,,"XRP shows mixed signals with price trading below both 7-day and 14-day SMAs despite recent recovery from €1.144 low. RSI at 47.9 indicates neutral territory with no clear momentum direction, while the 7-day decline of -0.5% suggests ongoing consolidation.",0.0,0.0,Holding — no trade,1000.0
2026-04-11 11:57,SOL-EUR,71.935,71.93,71.94,1.13,71.4386,70.9486,52.9,HOLD,6,short-term (days),,,"SOL shows mixed signals with price above short-term SMA (€71.44) but neutral RSI (52.9) indicating no clear directional bias. Recent positive news around Alchemy's $20M fund and Bitcoin strength provide modest support, but the sideways price action over 14 days suggests consolidation phase.",0.0,0.0,Holding — no trade,1000.0
2026-04-11 11:58,LTC-EUR,46.575,46.57,46.58,-1.14,46.7614,46.5257,51.3,HOLD,5,short-term (days),,,"LTC-EUR shows mixed signals with price consolidating around €46.50-€47.00 range over the past week. While RSI at 51.3 indicates neutral momentum and recent positive news about crypto adoption in Europe is encouraging, the 7-day decline of -1.1% and sideways price action suggest lack of clear directional bias.",0.0,0.0,Holding — no trade,1000.0
2026-04-11 11:58,DOGE-EUR,0.0794,0.0793,0.0794,-1.12,0.0797,0.0795,52.1,HOLD,5,short-term (days),,,"DOGE-EUR shows mixed signals with price consolidating around €0.0793-0.0794 range. While recent news is moderately positive and RSI is neutral at 52.1, the 7-day decline of -1.1% and price trading below 7-day SMA suggests lack of clear momentum.",0.0,0.0,Holding — no trade,1000.0
2026-04-11 14:06,ETH-EUR,1912.65,1912.48,1912.82,4.4,1879.3643,1833.9857,72.0,HOLD,4,short-term (days),,,"ETH is showing strong upward momentum with +4.4% weekly gains and price above both SMA-7 and SMA-14, but RSI at 72 indicates overbought conditions. The recent surge from €1824 to €1913 suggests a potential pullback is due before considering entry.",0.0,0.0,Holding — no trade,1000.0
2026-04-11 14:07,BTC-EUR,62050.15,62047.98,62052.32,3.49,61126.0157,59709.5029,76.7,HOLD,4,short-term (days),,,"While BTC shows strong upward momentum with +3.5% weekly gains and price above both SMAs, the RSI at 76.7 indicates overbought conditions. The recent surge from €57,481 to €62,054 (+8%) in two weeks suggests a pullback may be due before any sustainable breakout.",0.0,0.0,Holding — no trade,1000.0
2026-04-11 14:07,XRP-EUR,1.1484,1.1484,1.1485,-0.53,1.1553,1.1535,47.8,HOLD,5,short-term (days),,,"XRP shows mixed signals with price trading below both 7-day and 14-day SMAs, indicating recent weakness despite being near neutral RSI levels. The tight bid-ask spread and recent volatility (ranging from €1.1419 to €1.1811) suggest uncertainty, while positive news sentiment provides some support but insufficient conviction for entry.",0.0,0.0,Holding — no trade,1000.0
2026-04-11 14:07,SOL-EUR,71.78,71.77,71.79,0.91,71.42,70.9393,52.5,HOLD,6,short-term (days),,,"SOL shows mixed signals with price trading above both SMAs and neutral RSI at 52.5, indicating neither oversold nor overbought conditions. While recent news is moderately positive with Alchemy's $20M fund and signs of bottoming, the 7-day gain of only 0.9% and high volatility in the 14-day range (€68.43-€73.22) suggest uncertainty.",0.0,0.0,Holding — no trade,1000.0
2026-04-11 14:07,LTC-EUR,46.48,46.47,46.49,-1.34,46.7514,46.5207,50.8,HOLD,5,short-term (days),,,"LTC-EUR shows mixed signals with price consolidating around €46.48, close to both SMA levels. The 7-day decline of -1.3% and neutral RSI of 50.8 suggest sideways movement without clear directional bias.",0.0,0.0,Holding — no trade,1000.0
2026-04-11 14:07,DOGE-EUR,0.0791,0.0791,0.0792,-1.49,0.0797,0.0795,51.7,HOLD,5,short-term (days),,,DOGE-EUR shows mixed signals with price currently below both 7-day and 14-day SMAs despite trading near recent levels. The 7-day decline of -1.5% and neutral RSI of 51.7 indicate sideways consolidation rather than a clear directional bias.,0.0,0.0,Holding — no trade,1000.0
2026-04-11 16:02,ETH-EUR,1919.595,1919.44,1919.75,4.78,1880.2986,1834.4529,72.8,HOLD,4,short-term (days),,,"ETH shows strong recent momentum with +4.8% weekly gains and price above both SMAs, but RSI at 72.8 indicates overbought conditions. The price has risen nearly 11% in just 4 days, suggesting a potential short-term pullback is likely before continuation.",0.0,0.0,Holding — no trade,1000.0
2026-04-11 16:02,BTC-EUR,62196.735,62193.81,62199.66,3.74,61147.8786,59720.4343,78.1,HOLD,4,short-term (days),,,"BTC shows strong upward momentum with +3.7% weekly gain and price above both SMA-7 and SMA-14, but RSI at 78.1 indicates overbought conditions suggesting potential pullback. Mixed news sentiment with Bhutan selling 70% of holdings creates uncertainty.",0.0,0.0,Holding — no trade,1000.0
2026-04-11 16:02,XRP-EUR,1.1496,1.1495,1.1496,-0.42,1.1554,1.1535,48.0,HOLD,5,short-term (days),,,"XRP shows mixed signals with price trading below both 7-day and 14-day SMAs, indicating short-term weakness despite recent positive regulatory news. The RSI at 48 suggests neutral momentum, while the -0.4% weekly decline reflects consolidation rather than clear directional bias.",0.0,0.0,Holding — no trade,1000.0
2026-04-11 16:02,SOL-EUR,72.345,72.34,72.35,1.71,71.4929,70.9757,54.1,HOLD,6,short-term (days),,,"SOL-EUR shows mixed signals with price trading above both SMAs and neutral RSI at 54.1, indicating no clear directional bias. While recent positive news about Alchemy's $20M fund and general crypto strength provide some support, the price action remains choppy with high volatility between €68-73 range.",0.0,0.0,Holding — no trade,1000.0
2026-04-11 16:02,LTC-EUR,46.59,46.58,46.6,-1.1,46.7629,46.5264,51.4,HOLD,5,short-term (days),,,"LTC-EUR shows mixed signals with price consolidating around €46.59 in a narrow range over 14 days. While RSI at 51.4 indicates neutral momentum and recent news mentions Litecoin positively, the -1.1% weekly decline and lack of clear directional bias suggest waiting for stronger conviction signals.",0.0,0.0,Holding — no trade,1000.0
2026-04-11 16:02,DOGE-EUR,0.0793,0.0792,0.0793,-1.25,0.0797,0.0795,52.1,HOLD,5,short-term (days),,,"DOGE shows mixed signals with price trading below 7-day SMA (€0.0797) and recent -1.2% decline, but RSI at 52.1 indicates neutral momentum without clear directional bias. The narrow bid-ask spread suggests decent liquidity, but the sideways price action between €0.0784-€0.0812 range lacks conviction for entry.",0.0,0.0,Holding — no trade,1000.0
2026-04-11 18:02,ETH-EUR,1930.13,1929.99,1930.27,5.35,1881.8743,1835.2407,73.5,HOLD,4,short-term (days),,,"ETH shows strong upward momentum with +5.3% weekly gain and price above both SMAs, but RSI at 73.5 indicates overbought conditions. The recent surge from €1782 to €1930 suggests potential for a pullback before further upside.",0.0,0.0,Holding — no trade,1000.0
2026-04-11 18:02,BTC-EUR,62438.085,62438.08,62438.09,4.14,61180.2743,59736.6321,79.0,HOLD,4,short-term (days),,,"BTC shows strong upward momentum with +4.1% weekly gains and price above both SMAs, but RSI at 79 indicates severely overbought conditions. The mixed news sentiment and potential for a pullback from current highs makes entry risky at these levels.",0.0,0.0,Holding — no trade,1000.0
2026-04-11 18:02,XRP-EUR,1.1557,1.1557,1.1558,0.1,1.1563,1.154,50.2,HOLD,5,short-term (days),,,"XRP shows mixed signals with neutral RSI at 50.2 and minimal 7-day change of +0.1%. Price is trading slightly below SMA-7 (€1.1563) indicating short-term weakness, while recent volatility (€1.1419 to €1.1811 range) suggests uncertainty despite positive regulatory news sentiment.",0.0,0.0,Holding — no trade,1000.0
2026-04-11 18:02,SOL-EUR,72.37,72.36,72.38,1.74,71.5014,70.98,54.3,HOLD,6,short-term (days),,,"SOL shows mixed signals with recent positive momentum (+1.7% weekly) and price above both SMAs, but exhibits high volatility with significant daily swings between €68-73. Neutral RSI at 54.3 suggests no clear directional bias, while positive news flow supports cautious optimism.",0.0,0.0,Holding — no trade,1000.0
2026-04-11 18:02,LTC-EUR,46.945,46.94,46.95,-0.35,46.8143,46.5521,54.1,HOLD,5,short-term (days),,,"LTC-EUR shows mixed signals with price consolidating around €46.80-€47.00 range. While RSI at 54.1 indicates neutral momentum and price is above both SMAs, the 7-day decline of -0.3% and sideways movement suggests lack of clear directional bias.",0.0,0.0,Holding — no trade,1000.0
2026-04-11 18:02,DOGE-EUR,0.0794,0.0793,0.0794,-1.12,0.0797,0.0795,53.0,HOLD,5,short-term (days),,,"DOGE shows mixed signals with price consolidating around €0.0795 level and neutral RSI at 53. The -1.1% weekly decline and current price below 7-day SMA suggests slight bearish momentum, while news sentiment appears cautiously optimistic.",0.0,0.0,Holding — no trade,1000.0
2026-04-11 20:00,ETH-EUR,1977.415,1977.2,1977.63,7.93,1888.4129,1838.51,76.0,HOLD,4,short-term (days),,,"ETH shows strong recent performance with +7.9% weekly gains and upward momentum, but RSI at 76 indicates overbought conditions suggesting potential near-term correction. Mixed news sentiment with treasury deal collapse countering positive institutional adoption signals creates uncertainty.",0.0,0.0,Holding — no trade,1000.0
2026-04-11 20:00,BTC-EUR,62937.455,62937.45,62937.46,4.97,61250.9657,59771.9779,80.2,HOLD,4,short-term (days),,,"RSI at 80.2 indicates severely overbought conditions, suggesting high probability of near-term correction despite positive momentum. Price is 11% above 7-day SMA and current level shows overextension from recent rally.",0.0,0.0,Holding — no trade,1000.0
2026-04-11 20:00,XRP-EUR,1.1719,1.1718,1.1719,1.51,1.1584,1.155,55.4,HOLD,6,short-term (days),,,"XRP shows mixed signals with price above both SMAs and neutral RSI, but recent volatility and lack of clear directional momentum suggest caution. While regulatory clarity news is positive, the price action remains choppy with no strong breakout pattern established.",0.0,0.0,Holding — no trade,1000.0
2026-04-11 20:00,SOL-EUR,73.48,73.47,73.49,3.3,71.6543,71.0564,57.0,BUY,7,short-term (days),76.5,70.5,"SOL shows positive momentum with 7-day gain of 3.3%, price above both SMA-7 and SMA-14 indicating uptrend, and RSI at neutral 57 providing room for upward movement. Recent positive news including Alchemy's $20M fund for Solana builders and general crypto market strength supports bullish outlook.",1.42896,105.0,Paper buy executed ✅,895.0
2026-04-11 20:00,LTC-EUR,47.52,47.51,47.53,0.87,46.8971,46.5936,57.7,HOLD,6,short-term (days),,,"LTC shows modest upward momentum with price above both 7-day and 14-day SMAs and neutral RSI at 57.7. However, the recent volatility between €45.33-€47.53 and mixed crypto news environment suggest waiting for clearer directional signals before committing capital.",0.0,0.0,Holding — no trade,895.0
2026-04-11 20:00,DOGE-EUR,0.0809,0.0809,0.081,0.75,0.0799,0.0796,58.1,HOLD,5,short-term (days),,,"DOGE shows mixed signals with modest upward momentum (+0.8% weekly) and neutral RSI at 58.1, but exhibits high volatility with recent swings between €0.0784-€0.0812. Current price near resistance at €0.0809 suggests waiting for clearer directional confirmation.",0.0,0.0,Holding — no trade,895.0
2026-04-11 21:05,ETH-EUR,1961.72,1961.53,1961.91,7.08,1886.4043,1837.5057,75.3,HOLD,4,short-term (days),,,"ETH shows strong momentum with +7.1% weekly gains and price above both SMAs, but RSI at 75.3 indicates overbought conditions suggesting potential pullback. The recent surge from €1782 to €1962 lacks sufficient consolidation for a safe entry point.",0.0,0.0,Holding — no trade,1000.0
2026-04-11 21:05,BTC-EUR,62585.035,62582.98,62587.09,4.39,61203.6957,59748.3429,79.4,HOLD,4,short-term (days),,,"While BTC shows strong upward momentum with +4.4% weekly gains and price above both SMAs, the RSI at 79.4 indicates severely overbought conditions. The current price near €62,585 represents a significant rally from €57,481 just two weeks ago, suggesting a potential pullback is due.",0.0,0.0,Holding — no trade,1000.0
2026-04-11 21:05,XRP-EUR,1.1618,1.1617,1.1618,0.63,1.1572,1.1544,52.6,HOLD,6,short-term (days),,,"XRP shows mixed signals with price above both SMAs and neutral RSI, but the volatility pattern and tight spread suggest uncertainty. Recent regulatory clarity news is positive, but the modest 0.6% weekly gain indicates limited momentum.",0.0,0.0,Holding — no trade,1000.0
2026-04-11 21:05,SOL-EUR,72.915,72.91,72.92,2.51,71.58,71.0193,55.7,BUY,7,short-term (days),76.5,69.0,"SOL is showing positive momentum with price above both 7-day and 14-day SMAs, neutral RSI at 55.7 indicating room for upward movement, and recent positive news including Alchemy's $20M fund for Solana builders. The 2.5% weekly gain and current price near recent highs suggest continuation of the uptrend.",1.440033,105.0,Paper buy executed ✅,895.0
2026-04-11 21:05,LTC-EUR,47.17,47.16,47.18,0.13,46.8486,46.5693,55.7,HOLD,5,short-term (days),,,"LTC-EUR shows mixed signals with price trading above both SMAs but experiencing high volatility and minimal 7-day gains (+0.1%). The RSI at 55.7 indicates neutral momentum, while recent price action shows indecisive movement between €45-47 range.",0.0,0.0,Holding — no trade,895.0
2026-04-11 21:05,DOGE-EUR,0.0801,0.0801,0.0802,-0.25,0.0798,0.0795,56.2,HOLD,5,short-term (days),,,"DOGE shows mixed signals with price consolidating around €0.08 level and neutral RSI at 56.2. While current price is above both SMAs suggesting mild bullish bias, the minimal 7-day change (-0.2%) and conflicting news sentiment indicate lack of clear directional momentum.",0.0,0.0,Holding — no trade,895.0
2026-04-11 23:06,ETH-EUR,1951.73,1951.56,1951.9,6.53,1884.7971,1836.7021,74.7,HOLD,4,short-term (days),,,"ETH shows strong upward momentum with +6.5% weekly gains and price above both SMAs, but RSI at 74.7 indicates overbought conditions. Mixed news sentiment with privacy coins outperforming and some negative Ethereum-specific headlines create uncertainty.",0.0,0.0,Holding — no trade,1000.0
2026-04-11 23:06,BTC-EUR,62413.54,62412.27,62414.81,4.1,61177.5357,59735.2629,79.0,HOLD,4,short-term (days),,,"While BTC shows strong upward momentum with +4.1% 7-day gain and price above both SMAs, the RSI at 79.0 indicates severely overbought conditions. The recent rally may be overextended and due for a correction before establishing a safer entry point.",0.0,0.0,Holding — no trade,1000.0
2026-04-11 23:06,XRP-EUR,1.1572,1.1572,1.1573,0.23,1.1566,1.1541,51.1,HOLD,5,short-term (days),,,"XRP shows mixed signals with price consolidating around €1.157 and neutral RSI at 51.1. While recent news appears positive regarding regulatory clarity and quantum safety, the modest 7-day gain of 0.2% and sideways price action suggest waiting for clearer directional momentum before entering a position.",0.0,0.0,Holding — no trade,1000.0
2026-04-11 23:06,SOL-EUR,72.38,72.37,72.39,1.76,71.5071,70.9829,54.4,HOLD,6,short-term (days),,,"SOL shows mixed signals with modest 7-day gains (+1.8%) and neutral RSI (54.4), but high volatility and sideways movement between €68-73 range over past two weeks. While Solana-specific news is positive with Alchemy's $20M fund, the technical setup lacks clear directional conviction for a high-confidence entry.",0.0,0.0,Holding — no trade,1000.0
2026-04-11 23:06,LTC-EUR,47.005,46.99,47.02,-0.22,46.8286,46.5593,54.8,HOLD,5,short-term (days),,,"LTC-EUR shows mixed signals with price near recent highs but minimal 7-day momentum (-0.2%). RSI at 54.8 indicates neutral territory, while price trades above both SMAs suggesting mild bullish bias, but the tight bid-ask spread and sideways consolidation pattern warrant caution.",0.0,0.0,Holding — no trade,1000.0
2026-04-11 23:06,DOGE-EUR,0.0794,0.0794,0.0795,-1.12,0.0797,0.0795,53.0,HOLD,4,short-term (days),,,"DOGE shows mixed signals with price consolidating around €0.0795 level and neutral RSI at 53. The 7-day decline of -1.1% and price trading below the 7-day SMA suggests weak short-term momentum, while bearish long-term predictions in recent news add uncertainty.",0.0,0.0,Holding — no trade,1000.0
2026-04-12 06:11,ETH-EUR,1895.81,1895.63,1895.99,3.89,1893.6886,1848.5264,63.7,HOLD,5,short-term (days),,,"While ETH shows positive momentum with +3.9% weekly gains and price above both SMAs, mixed signals emerge from recent volatility and concerning news about the $1.5B treasury deal collapse. RSI at 63.7 suggests approaching overbought territory, and privacy coins outperforming ETH indicates potential capital rotation away from ETH.",0.0,0.0,Holding — no trade,1000.0
2026-04-12 06:11,BTC-EUR,61239.885,61239.88,61239.89,2.66,61354.6357,60000.5671,66.9,HOLD,5,short-term (days),,,"BTC is showing mixed signals with price currently below 7-day SMA (€61,239 vs €61,355) despite recent uptrend from €58K to €62K range. RSI at 66.9 suggests approaching overbought territory, and recent negative news about US-Iran talks failure is creating downward pressure.",0.0,0.0,Holding — no trade,1000.0
2026-04-12 06:11,XRP-EUR,1.1368,1.1367,1.1369,-0.63,1.1539,1.1527,44.0,HOLD,5,short-term (days),,,"XRP is trading below both 7-day and 14-day SMAs with a -0.6% weekly decline, indicating short-term weakness. While RSI at 44 suggests no oversold conditions yet, the price action shows consolidation around €1.14 support level with mixed signals.",0.0,0.0,Holding — no trade,1000.0
2026-04-12 06:11,SOL-EUR,70.38,70.37,70.39,1.63,71.4143,70.9514,45.5,HOLD,6,short-term (days),,,"SOL is trading below both 7-day and 14-day SMAs (€70.38 vs €71.41 and €70.95), indicating short-term weakness despite positive news sentiment. The RSI of 45.5 shows neutral momentum without clear directional bias, and recent price action shows continued consolidation around €70-72 range.",0.0,0.0,Holding — no trade,1000.0
2026-04-12 06:11,LTC-EUR,46.12,46.11,46.13,-0.54,46.6786,46.5357,47.4,HOLD,5,short-term (days),,,LTC-EUR shows mixed signals with price trading below 7-day SMA (€46.12 vs €46.68) and neutral RSI at 47.4. The 7-day decline of -0.5% and choppy price action between €45.33-€47.38 suggests consolidation phase without clear directional bias.,0.0,0.0,Holding — no trade,1000.0
2026-04-12 06:11,DOGE-EUR,0.0781,0.0781,0.0782,-0.51,0.0794,0.0795,45.6,HOLD,4,short-term (days),,,"DOGE-EUR shows mixed signals with price trading below both 7-day and 14-day SMAs, indicating short-term weakness. While RSI at 45.6 suggests neutral momentum without oversold conditions, the recent 0.5% decline and bearish news sentiment create uncertainty.",0.0,0.0,Holding — no trade,1000.0
2026-04-12 07:18,ETH-EUR,1890.575,1890.37,1890.78,3.6,1892.9886,1848.1764,63.0,HOLD,5,short-term (days),,,"ETH shows mixed signals with price below 7-day SMA (€1890.58 vs €1892.99) despite recent upward momentum. RSI at 63 indicates some buying pressure but approaching overbought territory, while recent volatility and negative news about treasury deal collapse create uncertainty.",0.0,0.0,Holding — no trade,1000.0
2026-04-12 07:18,BTC-EUR,61174.115,61174.11,61174.12,2.55,61345.24,59995.8693,66.4,HOLD,5,short-term (days),,,"While BTC shows positive momentum with +2.5% weekly gains and price above SMA-14, the recent negative news flow regarding US-Iran tensions and current price trading below 7-day SMA suggests potential downward pressure. RSI at 66.4 indicates approaching overbought territory, warranting caution.",0.0,0.0,Holding — no trade,1000.0
2026-04-12 07:19,XRP-EUR,1.1341,1.134,1.1341,-0.87,1.1535,1.1526,43.3,HOLD,5,short-term (days),,,"XRP is currently trading below both SMA-7 and SMA-14 at €1.1341, indicating short-term bearish momentum despite RSI at 43.3 suggesting potential oversold conditions developing. The recent 7-day decline of -0.9% and current price near recent lows requires confirmation of reversal before entry.",0.0,0.0,Holding — no trade,1000.0
2026-04-12 07:19,SOL-EUR,70.29,70.28,70.3,1.5,71.4057,70.9471,45.4,HOLD,5,short-term (days),,,"SOL is trading below its 7-day SMA (€71.41) at €70.29, indicating short-term weakness despite positive 7-day performance. RSI at 45.4 shows neutral momentum without clear directional bias, and recent price action shows high volatility with no clear breakout pattern.",0.0,0.0,Holding — no trade,1000.0
2026-04-12 07:19,LTC-EUR,45.93,45.92,45.94,-0.95,46.6529,46.5229,46.3,HOLD,4,short-term (days),,,"LTC-EUR shows mixed signals with price consolidating around €46 but currently trading below both 7-day and 14-day SMAs at €45.93. The RSI at 46.3 indicates neutral momentum, while the recent -0.9% weekly decline suggests weak short-term performance.",0.0,0.0,Holding — no trade,1000.0
2026-04-12 07:19,DOGE-EUR,0.0779,0.0779,0.078,-0.76,0.0794,0.0794,45.2,HOLD,4,short-term (days),,,"DOGE is trading below both SMA-7 and SMA-14 at €0.0779, showing weak momentum despite neutral RSI at 45.2. The mixed news sentiment and recent -0.8% decline over 7 days suggests uncertainty in the market direction.",0.0,0.0,Holding — no trade,1000.0
2026-04-12 07:37,ETH-EUR,1894.15,1893.97,1894.33,3.8,1893.5229,1848.4436,63.5,HOLD,5,short-term (days),,,"ETH shows mixed signals with price above both SMAs and positive 7-day momentum (+3.8%), but recent volatility and negative news create uncertainty. RSI at 63.5 suggests neutral territory without clear directional bias.",0.0,0.0,0.0,Holding — no trade,1000.0,0,0.0
2026-04-12 07:37,BTC-EUR,61254.425,61254.42,61254.43,2.68,61356.8143,60001.6564,67.0,HOLD,5,short-term (days),,,"BTC is showing mixed signals with recent upward momentum (+2.7% weekly) but approaching overbought territory (RSI 67). Current price is slightly below 7-day SMA, suggesting potential consolidation.",0.0,0.0,0.0,Holding — no trade,1000.0,0,0.0
2026-04-12 07:37,XRP-EUR,1.1366,1.1366,1.1367,-0.65,1.1539,1.1527,43.9,HOLD,5,short-term (days),,,"XRP is showing mixed signals with price below both SMA-7 and SMA-14, indicating short-term weakness, but RSI at 43.9 suggests oversold conditions may be developing. The recent decline to €1.1366 from €1.1811 peak shows momentum loss, requiring confirmation of reversal before entry.",0.0,0.0,0.0,Holding — no trade,1000.0,0,0.0
2026-04-12 07:37,SOL-EUR,70.43,70.42,70.44,1.7,71.42,70.9543,45.6,HOLD,5,short-term (days),,,"SOL is trading below both SMA-7 (€71.42) and near SMA-14 (€70.95) with neutral RSI at 45.6, indicating mixed momentum. While recent news is positive with Alchemy's $20M fund and general crypto optimism, the price action shows consolidation around €70-73 range without clear directional bias.",0.0,0.0,0.0,Holding — no trade,1000.0,0,0.0
2026-04-12 07:38,LTC-EUR,46.005,46.0,46.01,-0.79,46.66,46.5264,46.6,HOLD,5,short-term (days),,,"LTC shows mixed signals with price trading below both SMA-7 (€46.66) and SMA-14 (€46.53), indicating short-term weakness despite neutral RSI at 46.6. The -0.8% weekly decline and recent volatility between €45.33-€47.38 suggests sideways consolidation without clear directional bias.",0.0,0.0,0.0,Holding — no trade,1000.0,0,0.0
2026-04-12 07:38,DOGE-EUR,0.0781,0.0781,0.0782,-0.51,0.0794,0.0795,45.6,HOLD,4,short-term (days),,,"DOGE-EUR shows mixed signals with price currently below both 7-day and 14-day SMAs, indicating short-term weakness. While RSI at 45.6 suggests neither oversold nor overbought conditions, the recent -0.5% weekly decline and trading at the lower end of the recent range signals caution is warranted.",0.0,0.0,0.0,Holding — no trade,1000.0,0,0.0
2026-04-12 10:09,ETH-EUR,1894.035,1893.74,1894.33,3.79,1893.5014,1848.4329,63.5,HOLD,6,short-term (days),,,"ETH shows mixed signals with recent upward momentum (+3.8% weekly) but concerning negative news flow including treasury deal collapse and privacy coins outperforming. RSI at 63.5 indicates moderate momentum without extreme overbought conditions, while price trades near 7-day SMA resistance.",0.0,0.0,0.0,Holding — no trade,790.0,2,0.0
2026-04-12 10:09,BTC-EUR,61243.42,61241.31,61245.53,2.66,61354.82,60000.6593,66.9,HOLD,5,short-term (days),,,"BTC shows mixed signals with recent upward momentum (+2.7% weekly) but faces headwinds from geopolitical tensions and US-Iran talks breakdown. RSI at 66.9 approaching overbought territory while price trades below 7-day SMA, suggesting potential consolidation.",0.0,0.0,0.0,Holding — no trade,790.0,2,0.0
2026-04-12 10:09,XRP-EUR,1.1382,1.1381,1.1383,-0.51,1.1541,1.1529,44.4,HOLD,5,short-term (days),,,"XRP is trading below both 7-day and 14-day SMAs with a -0.5% weekly decline, indicating bearish momentum. While RSI at 44.4 suggests neither oversold nor overbought conditions, the recent price action shows consolidation around €1.14-€1.16 range without clear directional bias.",0.0,0.0,0.0,Holding — no trade,790.0,2,0.0
2026-04-12 10:10,SOL-EUR,70.32,70.31,70.33,1.55,71.4014,70.945,45.3,HOLD,5,short-term (days),,67.5,"SOL is trading below both 7-day and 14-day SMAs with current position underwater at €2.60 per unit loss. While RSI at 45.3 suggests no immediate oversold condition, the mixed technical signals and negative news about validator departures create uncertainty that warrants caution.",0.0,0.0,0.0,Holding — no trade,790.0,2,0.0
2026-04-12 10:10,LTC-EUR,45.965,45.96,45.97,-0.87,46.6586,46.5257,46.5,HOLD,4,short-term (days),,,"LTC shows mixed signals with price consolidating around €46 level but recently declining to €45.96. RSI at 46.5 indicates neutral momentum, while price trades below both 7-day and 14-day SMAs suggesting weakness. The 0.9% weekly decline and lack of LTC-specific positive news catalysts warrant caution.",0.0,0.0,0.0,Holding — no trade,790.0,2,0.0
2026-04-12 10:10,DOGE-EUR,0.0779,0.0779,0.078,-0.76,0.0794,0.0794,45.2,HOLD,4,short-term (days),,,"DOGE shows mixed signals with price trading below both SMAs and recent decline to €0.078, though RSI at 45.2 suggests neither oversold nor overbought conditions. The narrow trading range around €0.079-€0.080 indicates consolidation, but negative news sentiment and modest 7-day decline of -0.8% suggest waiting for clearer directional signals.",0.0,0.0,0.0,Holding — no trade,790.0,2,0.0
2026-04-12 14:11,ETH-EUR,1869.855,1869.85,1869.86,2.47,1890.0086,1846.6864,60.4,HOLD,5,short-term (days),,,ETH shows mixed signals with price currently below 7-day SMA (€1869.86 vs €1890.01) despite recent volatility and a peak at €1950. RSI at 60.4 suggests neutral territory but the recent pullback from highs and negative news flow create uncertainty.,0.0,0.0,0.0,Holding — no trade,790.0,2,0.0
2026-04-12 14:11,BTC-EUR,60639.5,60636.1,60642.9,1.65,61268.2857,59957.3921,62.6,HOLD,5,short-term (days),,,"BTC shows mixed signals with price below 7-day SMA (€60,639 vs €61,268) despite recent uptrend from €57,998 to €62,370. RSI at 62.6 indicates neutral momentum, while conflicting news sentiment creates uncertainty.",0.0,0.0,0.0,Holding — no trade,790.0,2,0.0
2026-04-12 14:11,XRP-EUR,1.129,1.1288,1.1292,-1.31,1.1528,1.1522,42.0,HOLD,5,short-term (days),,,"XRP is showing mixed signals with price trading below both SMAs (-2.4% below SMA-7) and down 1.3% over 7 days, but RSI at 42 suggests oversold conditions may be developing. The current price of €1.129 is at recent lows, but lack of clear directional momentum and regulatory uncertainty make this a cautious wait-and-see situation.",0.0,0.0,0.0,Holding — no trade,790.0,2,0.0
2026-04-12 14:11,SOL-EUR,70.04,70.03,70.05,1.14,71.3657,70.9271,44.7,HOLD,5,short-term (days),,67.5,"Current price €70.04 is below both SMA-7 (€71.37) and position avg (€72.92), indicating weakness. While RSI at 44.7 suggests no extreme oversold condition, mixed news sentiment and recent validator decline concerns warrant caution.",0.0,0.0,0.0,Holding — no trade,790.0,2,0.0
2026-04-12 14:11,LTC-EUR,45.84,45.83,45.85,-1.14,46.64,46.5164,45.8,HOLD,5,short-term (days),,,"LTC-EUR is trading below both SMA-7 (€46.64) and SMA-14 (€46.52) with a -1.1% weekly decline, indicating weak momentum. While RSI at 45.8 suggests neither oversold nor overbought conditions, the recent volatility and lack of strong directional signals warrant caution.",0.0,0.0,0.0,Holding — no trade,790.0,2,0.0
2026-04-12 14:12,DOGE-EUR,0.0776,0.0775,0.0776,-1.15,0.0793,0.0794,43.8,HOLD,4,short-term (days),,,"DOGE is trading below both SMA-7 and SMA-14 with a recent decline to €0.0776, showing weak momentum. While RSI at 43.8 suggests potential for recovery from oversold conditions, the mixed news sentiment and recent bearish price action create uncertainty.",0.0,0.0,0.0,Holding — no trade,790.0,2,0.0
2026-04-12 17:55,ETH-EUR,1882.235,1882.08,1882.39,3.15,1891.9771,1847.6707,62.1,HOLD,5,short-term (days),,,ETH shows mixed signals with price currently below 7-day SMA (€1882 vs €1892) despite recent +3.1% weekly gain. RSI at 62.1 indicates neutral territory but recent volatility from €1782 to €1950 suggests unstable price action.,0.0,0.0,0.0,Holding — no trade,790.0,2,0.0
2026-04-12 17:55,BTC-EUR,60771.255,60768.49,60774.02,1.87,61287.9429,59967.2207,63.5,HOLD,6,short-term (days),,,"BTC is showing mixed signals with price below 7-day SMA (€60771 vs €61288) indicating short-term weakness, despite being above 14-day SMA. RSI at 63.5 suggests moderate bullish momentum but approaching overbought territory, making this a suboptimal entry point.",0.0,0.0,0.0,Holding — no trade,790.0,2,0.0
2026-04-12 17:55,XRP-EUR,1.1391,1.1389,1.1392,-0.43,1.1542,1.1529,44.6,HOLD,5,short-term (days),,,"XRP is trading below both 7-day and 14-day SMAs with neutral RSI at 44.6, indicating weak momentum. While recent price action shows volatility between €1.14-1.18, the -0.4% weekly decline and current position near support at €1.1389 suggest waiting for clearer directional signals.",0.0,0.0,0.0,Holding — no trade,790.0,2,0.0
2026-04-12 17:55,SOL-EUR,70.18,70.17,70.19,1.34,71.3886,70.9386,45.1,HOLD,4,short-term (days),,67.5,"Current position is underwater by ~3.8% with price trading below both 7-day and 14-day SMAs, indicating weak momentum. RSI at 45.1 suggests neutral territory but recent price action shows volatility around €69-73 range without clear directional bias.",0.0,0.0,0.0,Holding — no trade,790.0,2,0.0
2026-04-12 17:55,LTC-EUR,45.975,45.97,45.98,-0.85,46.6629,46.5279,46.7,HOLD,4,short-term (days),,,"LTC-EUR shows mixed signals with price consolidating around €46-€47 range but recent decline to €45.99. RSI at 46.7 indicates neutral momentum, while price trades below both 7-day and 14-day SMAs suggesting weak short-term trend.",0.0,0.0,0.0,Holding — no trade,790.0,2,0.0
2026-04-12 17:55,DOGE-EUR,0.0779,0.0778,0.0779,-0.76,0.0794,0.0794,44.9,HOLD,4,short-term (days),,,"DOGE is trading below both 7-day and 14-day SMAs with negative momentum (-0.8% weekly decline). While RSI at 44.9 suggests neutral territory rather than oversold conditions, the recent price action shows weakness with the asset declining from €0.08 to €0.0779.",0.0,0.0,0.0,Holding — no trade,790.0,2,0.0
2026-04-12 19:56,ETH-EUR,1881.815,1881.71,1881.92,3.12,1891.75,1847.5571,61.9,HOLD,5,short-term (days),,,"ETH shows mixed signals with price below 7-day SMA (€1881 vs €1892) despite +3.1% weekly gain. RSI at 61.9 indicates neutral momentum, while recent volatility from €1950 high to current levels suggests consolidation phase.",0.0,0.0,0.0,Holding — no trade,790.0,2,0.0
2026-04-12 19:56,BTC-EUR,60866.025,60864.74,60867.31,2.03,61301.5086,59974.0036,64.2,HOLD,6,short-term (days),,,"Price is currently below 7-day SMA (€60,866 vs €61,301) indicating short-term weakness despite recent uptrend. RSI at 64.2 shows momentum cooling from overbought levels, and recent drop from €62,370 to €60,868 suggests potential consolidation phase.",0.0,0.0,0.0,Holding — no trade,790.0,2,0.0
2026-04-12 19:56,XRP-EUR,1.1391,1.139,1.1392,-0.43,1.1542,1.1529,44.7,HOLD,5,short-term (days),,,"XRP is showing mixed signals with price currently below both 7-day and 14-day SMAs, indicating near-term weakness. While RSI at 44.7 suggests neither oversold nor overbought conditions, the -0.4% weekly decline and recent price action below moving averages create uncertainty that doesn't meet the confidence threshold for entry.",0.0,0.0,0.0,Holding — no trade,790.0,2,0.0
2026-04-12 19:56,SOL-EUR,70.175,70.17,70.18,1.34,71.3871,70.9379,45.1,HOLD,4,short-term (days),,67.5,"SOL is currently trading below both SMA-7 (€71.39) and showing weakness despite modest 7-day gains. Current position is underwater by ~4% (avg buy €72.92 vs current €70.18), and mixed news sentiment creates uncertainty.",0.0,0.0,0.0,Holding — no trade,790.0,2,0.0
2026-04-12 19:56,LTC-EUR,46.0,45.99,46.01,-0.8,46.6629,46.5279,46.7,HOLD,5,short-term (days),,,"LTC shows mixed signals with price consolidating around €46 support level but lacking clear directional momentum. The 7-day decline of -0.8% combined with neutral RSI of 46.7 suggests indecision, while recent positive crypto infrastructure news provides modest backdrop support.",0.0,0.0,0.0,Holding — no trade,790.0,2,0.0
2026-04-12 19:56,DOGE-EUR,0.0779,0.0778,0.0779,-0.76,0.0794,0.0794,44.5,HOLD,4,short-term (days),,,"DOGE-EUR shows mixed signals with price below both SMAs and recent downtrend, but RSI at 44.5 indicates neutral territory without clear oversold conditions. The narrow trading range (€0.0778-€0.0812) and negative 7-day momentum suggest consolidation rather than a clear directional move.",0.0,0.0,0.0,Holding — no trade,790.0,2,0.0
2026-04-12 21:53,ETH-EUR,1891.885,1891.74,1892.03,3.67,1893.25,1848.3071,63.3,HOLD,5,short-term (days),,,"ETH shows mixed signals with price currently below 7-day SMA (€1891.89 vs €1893.25) despite recent gains. RSI at 63.3 suggests momentum but approaching overbought territory, while recent volatility and negative news create uncertainty.",0.0,0.0,0.0,Holding — no trade,790.0,2,0.0
2026-04-12 21:53,BTC-EUR,61059.055,61059.05,61059.06,2.35,61330.58,59988.5393,65.6,HOLD,6,short-term (days),,,"BTC is showing upward momentum with +2.4% weekly gain and trading above SMA-14, but current price at €61,059 is below SMA-7 at €61,330, indicating short-term weakness. RSI at 65.6 suggests approaching overbought territory without confirming strong bullish momentum.",0.0,0.0,0.0,Holding — no trade,790.0,2,0.0
2026-04-12 21:53,XRP-EUR,1.1448,1.1446,1.1451,0.07,1.155,1.1533,46.5,HOLD,5,short-term (days),,,"XRP is trading below both 7-day and 14-day SMAs with minimal weekly momentum (+0.1%), indicating weak directional bias. The RSI at 46.5 suggests neutral territory without clear oversold opportunity, while recent price action shows choppy sideways movement between €1.14-€1.18.",0.0,0.0,0.0,Holding — no trade,790.0,2,0.0
2026-04-12 21:53,SOL-EUR,70.865,70.85,70.88,2.33,71.4814,70.985,46.7,HOLD,4,short-term (days),,67.5,"Current position is underwater by ~3% with mixed technical signals - price below SMA-7 but above SMA-14, neutral RSI at 46.7. Recent volatility and negative news about validator exodus create uncertainty despite some positive funding developments.",0.0,0.0,0.0,Holding — no trade,790.0,2,0.0
2026-04-12 21:53,LTC-EUR,46.1,46.09,46.11,-0.58,46.68,46.5364,47.5,HOLD,5,short-term (days),,,"LTC is trading sideways in a tight range between €45-47 with minimal directional bias. The price is slightly below both SMAs, neutral RSI at 47.5, and mixed technical signals suggest waiting for clearer momentum.",0.0,0.0,0.0,Holding — no trade,790.0,2,0.0
2026-04-12 21:53,DOGE-EUR,0.0783,0.0782,0.0783,-0.25,0.0794,0.0795,46.3,HOLD,4,short-term (days),,,"DOGE-EUR shows neutral momentum with price below both SMAs and mixed signals. RSI at 46.3 indicates neither oversold nor overbought conditions, while the slight 7-day decline of -0.2% suggests consolidation rather than clear directional movement.",0.0,0.0,0.0,Holding — no trade,790.0,2,0.0
2026-04-12 23:55,ETH-EUR,1878.705,1878.57,1878.84,2.95,1891.0757,1847.22,61.3,HOLD,5,short-term (days),,,ETH shows mixed signals with price currently below 7-day SMA (€1878 vs €1891) despite recent 3% weekly gains. RSI at 61.3 indicates neutral territory but recent volatility from €1782 to €1950 suggests unstable momentum.,0.0,0.0,0.0,Holding — no trade,790.0,2,0.0
2026-04-12 23:55,BTC-EUR,60628.955,60628.95,60628.96,1.63,61263.42,59954.9593,62.4,HOLD,6,short-term (days),,,"BTC is currently trading below the 7-day SMA (€60629 vs €61263) after a recent pullback from highs near €62370, indicating short-term weakness. While the 7-day gain of +1.6% and RSI of 62.4 show moderate bullish momentum without being overbought, the current technical setup doesn't provide sufficient confidence for entry.",0.0,0.0,0.0,Holding — no trade,790.0,2,0.0
2026-04-12 23:55,XRP-EUR,1.1358,1.1357,1.1359,-0.72,1.1537,1.1526,43.5,HOLD,5,short-term (days),,,"XRP is trading below both 7-day and 14-day SMAs with recent downward pressure (-0.7% weekly decline). While RSI at 43.5 suggests potential oversold conditions developing, the mixed news sentiment and current price action below key moving averages indicate insufficient conviction for entry.",0.0,0.0,0.0,Holding — no trade,790.0,2,0.0
2026-04-12 23:55,SOL-EUR,69.875,69.87,69.88,0.9,71.3371,70.9129,44.2,HOLD,4,short-term (days),,67.5,"SOL is trading below both SMA-7 and SMA-14 with current position underwater by 4.2%. While RSI at 44.2 suggests no oversold conditions yet, the price action shows continued weakness despite mixed news sentiment.",0.0,0.0,0.0,Holding — no trade,790.0,2,0.0
2026-04-12 23:55,LTC-EUR,45.85,45.84,45.86,-1.12,46.6486,46.5207,46.1,HOLD,5,short-term (days),,,"LTC is trading below both 7-day and 14-day SMAs with neutral RSI at 46.1, indicating no clear directional bias. The recent decline from €47.38 to €45.89 shows weakness, but the price is consolidating around current levels without strong momentum signals.",0.0,0.0,0.0,Holding — no trade,790.0,2,0.0
2026-04-12 23:55,DOGE-EUR,0.0779,0.0778,0.0779,-0.76,0.0794,0.0794,44.2,HOLD,5,short-term (days),,,"DOGE shows mixed signals with current price below both SMAs and recent downward momentum (-0.8% over 7 days). While RSI at 44.2 suggests neither oversold nor overbought conditions, the price action lacks clear directional conviction and news sentiment appears mixed with bearish long-term predictions.",0.0,0.0,0.0,Holding — no trade,790.0,2,0.0
2026-04-13 07:28,ETH-EUR,1869.175,1868.94,1869.41,-2.47,1897.4543,1854.46,55.9,HOLD,5,short-term (days),,,"ETH is trading below its 7-day SMA (€1897) but above 14-day SMA (€1854), indicating mixed short-term momentum. RSI at 55.9 suggests neutral territory with no clear oversold opportunity, while recent volatility shows price swings between €1782-€1950.",0.0,0.0,0.0,Holding — no trade,790.0,2,0.0
2026-04-13 07:28,BTC-EUR,60513.125,60508.76,60517.49,-1.65,61387.5014,60116.1507,58.9,HOLD,5,short-term (days),,,"BTC is trading below the 7-day SMA (€61,387) indicating recent weakness, despite being above the 14-day SMA (€60,116). The RSI at 58.9 shows neutral momentum without clear directional bias, and the recent decline from €62,370 to current levels suggests consolidation phase.",0.0,0.0,0.0,Holding — no trade,790.0,2,0.0
2026-04-13 07:28,XRP-EUR,1.137,1.137,1.1371,-3.73,1.1525,1.1513,43.3,HOLD,4,short-term (days),,,"XRP is showing mixed signals with a 3.7% decline over 7 days and trading below both SMAs, but RSI at 43.3 suggests it's not oversold yet. The recent news highlights concerns about XRP's fundamental thesis, creating uncertainty about near-term direction.",0.0,0.0,0.0,Holding — no trade,790.0,2,0.0
2026-04-13 07:28,SOL-EUR,70.09,70.08,70.1,-4.27,71.46,70.7764,45.4,HOLD,4,short-term (days),,66.5,"SOL is trading below both SMA-7 and SMA-14 with negative momentum (-4.3% weekly decline), while current position shows unrealized loss of ~4%. Mixed technical signals with RSI at neutral 45.4 and recent bottoming patterns mentioned in news create uncertainty.",0.0,0.0,0.0,Holding — no trade,790.0,2,0.0
2026-04-13 07:28,LTC-EUR,45.7,45.69,45.71,-3.55,46.54,46.4571,44.1,HOLD,5,short-term (days),,,"LTC-EUR shows mixed signals with price below both 7-day and 14-day SMAs indicating short-term weakness, but RSI at 44.1 suggests potential oversold conditions without reaching extreme levels. The recent 3.5% decline and current trading near support around €45.70 creates uncertainty about direction.",0.0,0.0,0.0,Holding — no trade,790.0,2,0.0
2026-04-13 07:28,DOGE-EUR,0.0781,0.078,0.0781,-3.82,0.0793,0.0793,43.1,HOLD,4,short-term (days),,,"DOGE shows mixed signals with price consolidating around €0.078-0.080 range but trending down -3.8% over 7 days. RSI at 43.1 suggests neutral momentum, while trading below both SMAs indicates weakness, though not severely oversold.",0.0,0.0,0.0,Holding — no trade,790.0,2,0.0
2026-04-13 11:57,ETH-EUR,1873.425,1873.25,1873.6,-2.24,1898.08,1854.7729,56.5,HOLD,4,short-term (days),,,"ETH is trading below its 7-day SMA (€1898) with recent downward pressure from geopolitical tensions and crypto market uncertainty. While RSI at 56.5 suggests neutral momentum, the failed U.S.-Iran peace talks and DOT exploit creating broader crypto market anxiety warrant caution.",0.0,0.0,0.0,Holding — no trade,790.0,2,0.0
2026-04-13 11:58,BTC-EUR,60739.055,60733.84,60744.27,-1.28,61420.2014,60132.5007,60.1,HOLD,5,short-term (days),,,"BTC is trading below the 7-day SMA (€61,420) indicating short-term weakness, while the recent price decline from €62,370 to €60,747 shows momentum loss. The failed U.S.-Iran peace talks are creating geopolitical uncertainty that's pressuring crypto markets.",0.0,0.0,0.0,Holding — no trade,790.0,2,0.0
2026-04-13 11:58,XRP-EUR,1.1356,1.1355,1.1357,-3.85,1.1523,1.1512,42.7,HOLD,5,short-term (days),,,"XRP is trading below both SMA-7 and SMA-14 with a -3.9% weekly decline, indicating bearish momentum. While RSI at 42.7 suggests potential oversold conditions developing, it hasn't reached extreme levels yet and recent news sentiment appears mixed to negative.",0.0,0.0,0.0,Holding — no trade,790.0,2,0.0
2026-04-13 11:58,SOL-EUR,70.105,70.1,70.11,-4.25,71.4614,70.7771,45.4,HOLD,4,short-term (days),,66.5,Current position is underwater by -3.8% with mixed technical signals - price below SMA-7 but neutral RSI at 45.4. Negative news sentiment regarding potential 50% downside and validator exodus creates significant uncertainty despite some signs of bottoming.,0.0,0.0,0.0,Holding — no trade,790.0,2,0.0
2026-04-13 11:58,LTC-EUR,45.23,45.22,45.24,-4.54,46.4743,46.4243,41.7,HOLD,4,short-term (days),,,"LTC-EUR shows mixed signals with a -4.5% weekly decline but RSI at 41.7 suggests it's approaching oversold territory without being there yet. The price is trading below both 7-day and 14-day SMAs, indicating bearish momentum, while recent news lacks LTC-specific catalysts.",0.0,0.0,0.0,Holding — no trade,790.0,2,0.0
2026-04-13 11:58,DOGE-EUR,0.0779,0.0778,0.0779,-4.06,0.0793,0.0793,43.1,HOLD,4,short-term (days),,,"DOGE shows mixed signals with a 4.1% decline over 7 days but RSI at 43.1 suggests neither oversold nor overbought conditions. Price is currently below both SMA-7 and SMA-14 at €0.0779, indicating weak momentum, while negative news sentiment about potential 50% declines adds caution.",0.0,0.0,0.0,Holding — no trade,790.0,2,0.0
2026-04-13 16:41,BTC-EUR,61675.555,61670.87,61680.24,0.24,61554.7514,60199.7757,63.9,HOLD,6,short-term (days),,,"While BTC shows bullish momentum with price above both SMAs and geopolitical tensions potentially driving safe-haven demand, the recent volatility (€62,370 to €60,606 drop) and mixed signals warrant caution. RSI at 63.9 suggests room for growth but approaching overbought territory.",0.0,0.0,0.0,Holding — no trade,790.0,2,0.0
2026-04-13 16:41,LTC-EUR,45.34,45.33,45.35,-4.31,46.4871,46.4307,42.1,HOLD,4,short-term (days),,,"LTC-EUR shows mixed signals with price declining 4.3% over 7 days and currently trading below both SMA-7 (€46.49) and SMA-14 (€46.43). While RSI at 42.1 suggests the asset isn't oversold yet, the recent downward trend and proximity to recent lows around €45.31-€45.33 creates uncertainty about immediate direction.",0.0,0.0,0.0,Holding — no trade,790.0,2,0.0
2026-04-13 21:10,ETH-EUR,1920.86,1920.7,1921.02,0.23,1904.8214,1858.1436,60.9,HOLD,5,short-term (days),,,"ETH shows mixed signals with price above both SMAs indicating upward momentum, but recent volatility and geopolitical headwinds create uncertainty. The 7-day change of only +0.2% despite recent gains suggests consolidation phase, while RSI at 60.9 indicates neutral territory with room for movement in either direction.",0.0,0.0,0.0,Holding — no trade,790.0,2,0.0
2026-04-13 21:10,BTC-EUR,62335.725,62335.72,62335.73,1.31,61644.2743,60244.5371,66.1,HOLD,6,short-term (days),,,"BTC shows positive momentum with price above both SMAs and recent uptrend, but RSI at 66.1 indicates approaching overbought territory. The mixed news environment with quantum computing threats creates uncertainty despite geopolitical tailwinds.",0.0,0.0,0.0,Holding — no trade,790.0,2,0.0
2026-04-13 21:10,XRP-EUR,1.1481,1.148,1.1481,-2.79,1.1541,1.152,47.0,HOLD,5,short-term (days),,,"XRP shows mixed signals with current price below both SMA-7 and SMA-14, indicating short-term weakness despite recent recovery from April 12 lows. RSI at 47 suggests neutral momentum, while the -2.8% weekly decline and geopolitical headwinds create uncertainty.",0.0,0.0,0.0,Holding — no trade,790.0,2,0.0
2026-04-13 21:10,SOL-EUR,71.525,71.52,71.53,-2.31,71.6629,70.8779,49.2,HOLD,4,short-term (days),,68.0,SOL is trading below my average buy price of €72.92 with mixed technical signals - price is near SMA-7 resistance but recent negative news about potential 50% downside is concerning. RSI at 49.2 shows neutral momentum with no clear directional bias.,0.0,0.0,0.0,Holding — no trade,790.0,2,0.0
2026-04-13 21:10,LTC-EUR,45.48,45.47,45.49,-4.01,46.5129,46.4436,43.1,HOLD,4,short-term (days),,,"LTC-EUR shows mixed signals with a -4% decline over 7 days but trading near support around €45.50. RSI at 43.1 suggests neither oversold nor overbought conditions, while price trades below both 7-day and 14-day SMAs indicating weak momentum.",0.0,0.0,0.0,Holding — no trade,790.0,2,0.0
2026-04-13 21:11,DOGE-EUR,0.0789,0.0788,0.0789,-2.83,0.0794,0.0794,47.0,HOLD,4,short-term (days),,,"DOGE shows mixed signals with price trading below both SMAs and a recent -2.8% decline, but RSI at 47 indicates neutral territory without clear oversold conditions. The tight bid-ask spread suggests decent liquidity, but the conflicting news sentiment and lack of strong technical momentum make this an uncertain entry point.",0.0,0.0,0.0,Holding — no trade,790.0,2,0.0
2026-04-14 00:07,ETH-EUR,2013.61,2013.16,2014.06,7.14,1931.9371,1878.8064,65.4,HOLD,5,short-term (days),,,"ETH shows strong recent momentum (+7.1% weekly, RSI 65.4) but exhibits high volatility with significant intraday swings. The failed U.S.-Iran peace talks create geopolitical uncertainty that could pressure crypto markets despite positive technical indicators.",0.0,0.0,0.0,Holding — no trade,790.0,2,0.0
2026-04-14 00:07,BTC-EUR,63244.86,63243.28,63246.44,3.7,62025.37,60619.4757,70.0,HOLD,5,short-term (days),,,BTC-EUR shows strong upward momentum (+7.6% over 14 days) but RSI at 70 indicates overbought conditions with potential for near-term correction. Current price near all-time highs requires caution despite positive news flow including geopolitical tensions and institutional buying.,0.0,0.0,0.0,Holding — no trade,790.0,2,0.0
2026-04-14 00:07,XRP-EUR,1.1666,1.1665,1.1667,1.28,1.1551,1.1542,50.9,HOLD,5,short-term (days),,,"XRP shows mixed signals with price above both SMAs and neutral RSI at 50.9, but recent volatility and conflicting news sentiment create uncertainty. The 1.3% weekly gain is modest, and geopolitical tensions mentioned in news could impact crypto markets negatively.",0.0,0.0,0.0,Holding — no trade,790.0,2,0.0
2026-04-14 00:07,SOL-EUR,73.5,73.49,73.51,3.73,71.9957,71.1421,58.4,HOLD,5,short-term (days),,68.5,"SOL is trading above current position average (€73.50 vs €72.92) but faces significant headwinds from negative Solana-specific news warning of 50% downside and broader crypto market weakness. Technical indicators show neutral momentum with RSI at 58.4 and price above both SMAs, but recent volatility and mixed signals suggest waiting for clearer direction.",0.0,0.0,0.0,Holding — no trade,790.0,2,0.0
2026-04-14 00:07,LTC-EUR,46.33,46.32,46.34,0.09,46.5029,46.4929,49.5,HOLD,5,short-term (days),,,"LTC-EUR is trading in a tight sideways range with minimal 7-day change (+0.1%) and neutral RSI (49.5). While recent news about crypto trading platform launches is positive, the price action shows lack of clear directional momentum.",0.0,0.0,0.0,Holding — no trade,790.0,2,0.0
2026-04-14 00:07,DOGE-EUR,0.0799,0.0799,0.08,-1.6,0.0796,0.0795,51.7,HOLD,5,short-term (days),,,"DOGE-EUR shows mixed signals with price trading near moving averages (€0.0799 vs SMA-7 €0.0796) and neutral RSI at 51.7, indicating sideways consolidation. The 7-day decline of -1.6% and recent negative news sentiment about potential long-term decline create uncertainty that doesn't warrant a high-confidence entry.",0.0,0.0,0.0,Holding — no trade,790.0,2,0.0
2026-04-14 07:12,ETH-EUR,2020.95,2020.55,2021.35,7.53,1933.0957,1879.3857,65.9,HOLD,6,short-term (days),,,"ETH shows strong recent momentum with +7.5% weekly gain and price above both SMAs, but RSI at 65.9 indicates potential overbought conditions approaching. The failed U.S.-Iran peace talks create geopolitical uncertainty that could pressure crypto markets despite positive institutional developments.",0.0,0.0,0.0,Holding — no trade,790.0,2,0.0
2026-04-14 07:12,BTC-EUR,63419.445,63419.44,63419.45,3.99,62048.2629,60630.9221,70.5,HOLD,4,short-term (days),,,"BTC-EUR is showing strong upward momentum with +4% weekly gains and price above both SMAs, but RSI at 70.5 indicates overbought conditions. The geopolitical tensions around Strait of Hormuz are driving speculative buying, but this creates unstable foundation for entry at current levels.",0.0,0.0,0.0,Holding — no trade,790.0,2,0.0
2026-04-14 07:12,XRP-EUR,1.1672,1.167,1.1674,1.33,1.1552,1.1543,51.2,HOLD,5,short-term (days),,,"XRP is showing mixed signals with price trading above both SMAs and neutral RSI at 51.2, but the 14-day price action shows high volatility in a tight range (€1.1342-€1.1811). While there's modest positive momentum (+1.3% weekly), the confidence level is insufficient for entry given the cautious approach required.",0.0,0.0,0.0,Holding — no trade,790.0,2,0.0
2026-04-14 07:12,SOL-EUR,72.965,72.96,72.97,2.97,71.9229,71.1057,57.0,HOLD,5,short-term (days),,70.5,"Mixed signals present - price is above both SMAs with neutral RSI around 57, but recent news highlights significant risks including analyst warnings of 50% downside and broader crypto market weakness. Current position is nearly break-even, making it prudent to wait for clearer directional signals.",0.0,0.0,0.0,Holding — no trade,790.0,2,0.0
2026-04-14 07:12,LTC-EUR,46.14,46.13,46.15,-0.32,46.4771,46.48,48.4,HOLD,5,short-term (days),,,"LTC-EUR is trading in a tight sideways range around €46-47 with neutral technical indicators (RSI 48.4, price near SMAs). The modest 7-day decline of -0.3% and lack of strong directional momentum suggest waiting for clearer signals before entering a position.",0.0,0.0,0.0,Holding — no trade,790.0,2,0.0
2026-04-14 07:12,DOGE-EUR,0.0794,0.0794,0.0795,0.13,0.0793,0.0795,49.0,HOLD,4,short-term (days),,,"DOGE-EUR is showing sideways consolidation with minimal 7-day movement (+0.1%) and neutral RSI at 49.0. The price is trading near both SMAs with no clear directional bias, while mixed news sentiment creates uncertainty.",0.0,0.0,0.0,Holding — no trade,790.0,2,0.0
2026-04-14 11:42,ETH-EUR,2011.045,2010.86,2011.23,7.0,1931.6329,1878.6543,65.1,HOLD,6,short-term (days),,,"ETH shows strong momentum with +7% weekly gains and price above both SMAs, but RSI at 65.1 suggests approaching overbought territory. The recent surge from €1877 to €2011 in just two days indicates potential overextension requiring consolidation.",0.0,0.0,0.0,Holding — no trade,790.0,2,0.0
2026-04-14 11:42,BTC-EUR,63038.895,63038.89,63038.9,3.36,61997.0557,60605.3186,68.8,HOLD,6,short-term (days),,,"BTC shows positive momentum with +3.4% weekly gain and price above both SMAs, but RSI at 68.8 indicates approaching overbought territory. Geopolitical tensions create conflicting signals - potential safe haven demand versus market uncertainty.",0.0,0.0,0.0,Holding — no trade,790.0,2,0.0
2026-04-14 11:42,XRP-EUR,1.1604,1.1604,1.1605,0.74,1.1543,1.1538,49.4,HOLD,5,short-term (days),,,"XRP is trading in a tight sideways range around €1.15-1.18 with neutral RSI at 49.4, indicating lack of clear directional momentum. While the 7-day change is slightly positive at +0.7% and price is above both SMAs, the movement is marginal and volatility suggests consolidation phase.",0.0,0.0,0.0,Holding — no trade,790.0,2,0.0
2026-04-14 11:42,SOL-EUR,72.765,72.76,72.77,2.69,71.89,71.0893,56.4,HOLD,6,short-term (days),75.0,68.5,"SOL is trading slightly below current position average (€72.77 vs €72.92) with mixed technical signals - price above both SMAs but showing recent volatility between €68-74 range. RSI at 56.4 indicates neutral momentum, while positive news about Solana's transaction efficiency is encouraging but offset by broader crypto security concerns.",0.0,0.0,0.0,Holding — no trade,790.0,2,0.0
2026-04-14 11:42,LTC-EUR,46.175,46.17,46.18,-0.25,46.4771,46.48,48.4,HOLD,5,short-term (days),,,LTC shows sideways consolidation with price trading near 7/14-day SMAs around €46.48. Neutral RSI at 48.4 and minimal 7-day change of -0.2% indicate indecisive market momentum with no clear directional bias.,0.0,0.0,0.0,Holding — no trade,790.0,2,0.0
2026-04-14 11:42,DOGE-EUR,0.0801,0.08,0.0801,1.01,0.0795,0.0795,51.7,HOLD,5,short-term (days),,,"DOGE-EUR shows mixed signals with neutral RSI (51.7) and price consolidating around €0.08 level. While there's a modest 7-day gain of 1%, the trading range remains tight and lacks clear directional momentum for a high-confidence entry.",0.0,0.0,0.0,Holding — no trade,790.0,2,0.0
2026-04-14 15:58,ETH-EUR,2008.37,2008.36,2008.38,6.86,1931.22,1878.4479,64.7,HOLD,6,short-term (days),,,"While ETH shows strong momentum with +6.9% weekly gains and positive news flow, the price has surged 12.8% in just two days from €1877 to €2008, suggesting potential short-term overextension. RSI at 64.7 approaches overbought territory, and the rapid price appreciation warrants caution for entry timing.",0.0,0.0,0.0,Holding — no trade,790.0,2,0.0
2026-04-14 15:58,BTC-EUR,63927.44,63922.82,63932.06,4.82,62122.75,60668.1657,71.8,HOLD,4,short-term (days),,,"BTC shows strong upward momentum (+4.8% in 7 days) and is trading above both SMAs, but RSI at 71.8 indicates overbought conditions. The recent surge to €63,939 may face near-term resistance, and with no current position, waiting for a better entry point is prudent.",0.0,0.0,0.0,Holding — no trade,790.0,2,0.0
2026-04-14 15:58,XRP-EUR,1.1662,1.1661,1.1662,1.24,1.155,1.1542,50.7,HOLD,6,short-term (days),,,"XRP shows mixed signals with price above both SMAs and neutral RSI, but the recent volatility and lack of clear directional momentum make entry risky. While news sentiment appears positive, the price action remains choppy within a relatively tight range.",0.0,0.0,0.0,Holding — no trade,790.0,2,0.0
2026-04-14 15:58,SOL-EUR,72.985,72.98,72.99,3.0,71.9271,71.1079,57.1,HOLD,6,short-term (days),76.0,69.0,"SOL shows mixed signals with price near recent highs at €72.98 but trading above both 7-day and 14-day SMAs, indicating short-term strength. Current position is slightly underwater (avg buy €72.915 vs current €72.98), and while news sentiment is positive with broader crypto rally, the high volatility and proximity to breakeven suggests waiting for clearer directional signal.",0.0,0.0,0.0,Holding — no trade,790.0,2,0.0
2026-04-14 15:58,LTC-EUR,46.41,46.4,46.42,0.26,46.5157,46.4993,50.0,HOLD,5,short-term (days),,,"LTC-EUR is trading in a narrow sideways range between €45.33-€47.38 with minimal momentum (+0.3% weekly). RSI at neutral 50 and price below both SMAs indicate lack of clear directional bias, making this an unsuitable entry point for a cautious trader.",0.0,0.0,0.0,Holding — no trade,790.0,2,0.0
2026-04-14 15:58,DOGE-EUR,0.0811,0.081,0.0811,2.27,0.0796,0.0796,54.8,HOLD,5,short-term (days),,,"DOGE shows mixed signals with price hovering around both SMAs (€0.0796) and neutral RSI (54.8). While recent news mentions potential breakout toward 10 cents, the 14-day price action shows high volatility within a tight €0.0779-€0.0812 range without clear directional momentum.",0.0,0.0,0.0,Holding — no trade,790.0,2,0.0
2026-04-14 19:57,ETH-EUR,1962.5,1962.3,1962.7,4.42,1924.7043,1875.19,59.8,HOLD,6,short-term (days),,,"ETH shows positive momentum with +4.4% weekly gain and price above both SMA-7 and SMA-14, indicating an uptrend. However, high volatility (€1782-€2013 range) and recent pullback from €2013 peak to €1962 suggest potential consolidation phase requiring cautious approach.",0.0,0.0,0.0,Holding — no trade,790.0,2,0.0
2026-04-14 19:57,BTC-EUR,62988.685,62987.21,62990.16,3.28,61986.26,60599.9207,68.4,HOLD,6,short-term (days),,,"While BTC shows positive momentum (+3.3% weekly, trading above both SMAs), the RSI at 68.4 indicates approaching overbought territory. The recent volatility from €60606 to €63253 suggests unstable price action despite overall uptrend.",0.0,0.0,0.0,Holding — no trade,790.0,2,0.0
2026-04-14 19:57,XRP-EUR,1.1539,1.1538,1.154,0.17,1.1533,1.1533,47.6,HOLD,5,short-term (days),,,"XRP is trading near both 7-day and 14-day SMAs with neutral RSI at 47.6, indicating a sideways consolidation phase. While news sentiment appears positive with regulatory clarity expectations and adoption developments, the price action shows no clear directional bias with high volatility in the €1.134-€1.181 range.",0.0,0.0,0.0,Holding — no trade,790.0,2,0.0
2026-04-14 19:57,SOL-EUR,71.09,71.08,71.1,0.32,71.6557,70.9721,52.4,HOLD,6,short-term (days),74.5,68.5,"SOL is trading below our average buy price of €72.92 with current price at €71.08, showing we're at a 2.5% unrealized loss. While recent news is positive regarding institutional adoption and Fed nominee's holdings, the price action shows consolidation in the €68-74 range with neutral RSI at 52.4.",0.0,0.0,0.0,Holding — no trade,790.0,2,0.0
2026-04-14 19:57,LTC-EUR,46.23,46.22,46.24,-0.13,46.4886,46.4857,48.9,HOLD,5,short-term (days),,,LTC-EUR shows sideways consolidation with minimal movement (-0.1% over 7 days) and price trading below both short-term moving averages. RSI at 48.9 indicates neutral momentum with no clear directional bias.,0.0,0.0,0.0,Holding — no trade,790.0,2,0.0
2026-04-14 19:57,DOGE-EUR,0.0786,0.0786,0.0787,-0.88,0.0793,0.0794,47.2,HOLD,5,short-term (days),,,"DOGE-EUR is trading in a tight range around €0.079 with mixed signals - current price slightly below both SMAs but RSI at neutral 47.2. While positive news mentions potential breakout toward 10 cents, the -0.9% weekly decline and sideways price action suggest waiting for clearer directional momentum.",0.0,0.0,0.0,Holding — no trade,790.0,2,0.0
2026-04-14 22:33,ETH-EUR,1965.385,1965.29,1965.48,4.57,1925.1471,1875.4114,60.1,HOLD,6,short-term (days),,,"While ETH shows positive momentum with +4.6% weekly gain and price above both SMAs, the high volatility (€1782-€2013 range) and mixed signals create uncertainty. RSI at 60.1 suggests neutral territory but recent rejection from €2013 highs indicates potential resistance.",0.0,0.0,0.0,Holding — no trade,790.0,2,0.0
2026-04-14 22:33,BTC-EUR,62769.805,62769.8,62769.81,2.92,61960.6257,60587.1036,67.3,HOLD,6,short-term (days),,,"While BTC shows bullish momentum with price above both SMAs and positive 7-day performance, the RSI at 67.3 indicates near-overbought conditions. The geopolitical tensions in Middle East create significant uncertainty despite potential upside catalysts.",0.0,0.0,0.0,Holding — no trade,790.0,2,0.0
2026-04-14 22:33,XRP-EUR,1.1537,1.1536,1.1538,0.16,1.1533,1.1533,47.6,HOLD,5,short-term (days),,,"XRP shows mixed signals with price consolidating around €1.15 range and neutral RSI at 47.6. While recent news appears positive regarding regulatory clarity and adoption, the price action remains sideways with only minimal 7-day gains of 0.2%.",0.0,0.0,0.0,Holding — no trade,790.0,2,0.0
2026-04-14 22:33,SOL-EUR,70.78,70.77,70.79,-0.11,71.6171,70.9529,51.8,HOLD,5,short-term (days),,68.5,"SOL is trading below our average buy price of €72.92 with current position at €70.78, representing an unrealized loss. The price shows consolidation around €70-73 range with neutral RSI at 51.8, but lacks clear directional momentum with 7-day change at -0.1%.",0.0,0.0,0.0,Holding — no trade,790.0,2,0.0
2026-04-14 22:33,LTC-EUR,46.07,46.06,46.08,-0.48,46.4657,46.4743,48.0,HOLD,4,short-term (days),,,"LTC-EUR is trading in a tight sideways range between €45-47 with minimal directional momentum. The slight negative 7-day performance (-0.5%), neutral RSI (48), and price trading below both SMAs suggest weak bullish conviction despite recent positive crypto news.",0.0,0.0,0.0,Holding — no trade,790.0,2,0.0
2026-04-14 22:34,DOGE-EUR,0.0788,0.0787,0.0788,-0.63,0.0793,0.0794,47.5,HOLD,5,short-term (days),,,"DOGE-EUR is trading in a tight range around €0.079-0.081 with mixed signals. While recent news mentions potential breakout near 10 cents and positive sentiment around memecoins, the technical picture shows sideways movement with neutral RSI at 47.5 and price below both 7-day and 14-day SMAs.",0.0,0.0,0.0,Holding — no trade,790.0,2,0.0
2026-04-15 06:22,ETH-EUR,1967.61,1967.36,1967.86,5.02,1938.4486,1884.3879,67.8,HOLD,6,short-term (days),,,"ETH shows strong momentum with +5% weekly gains and price above both SMAs, but RSI at 67.8 indicates approaching overbought territory. The recent volatility (€1877-€2013 range) and mixed news environment suggest waiting for a clearer entry point.",0.0,0.0,0.0,Holding — no trade,790.0,2,0.0
2026-04-15 06:22,BTC-EUR,62763.745,62761.88,62765.61,2.16,62225.9271,60878.9757,71.9,HOLD,4,short-term (days),,,"RSI at 71.9 indicates overbought conditions, suggesting potential near-term pullback risk. While the uptrend remains intact with price above both SMAs, the high RSI combined with cautious investor sentiment creates unfavorable risk-reward for new long positions.",0.0,0.0,0.0,Holding — no trade,790.0,2,0.0
2026-04-15 06:22,XRP-EUR,1.1494,1.1493,1.1494,-0.01,1.1531,1.1524,51.6,HOLD,5,short-term (days),,,"XRP shows neutral momentum with price trading below both 7-day and 14-day SMAs, indicating weak short-term trend despite positive news flow. The RSI at 51.6 suggests balanced market conditions without clear directional bias, while the 7-day change of 0% confirms sideways consolidation.",0.0,0.0,0.0,Holding — no trade,790.0,2,0.0
2026-04-15 06:22,SOL-EUR,70.36,70.35,70.37,-1.29,71.5729,70.9936,54.4,HOLD,5,short-term (days),,67.5,"SOL is currently trading below both 7-day and 14-day SMAs with neutral RSI at 54.4, indicating sideways consolidation rather than clear directional momentum. The current position shows an unrealized loss of approximately 3.5% from the €72.92 average buy price, making it prudent to wait for clearer technical signals.",0.0,0.0,0.0,Holding — no trade,790.0,2,0.0
2026-04-15 06:22,LTC-EUR,45.71,45.7,45.72,-2.06,46.3886,46.4257,52.6,HOLD,4,short-term (days),,,"LTC-EUR is showing weak momentum with -2.1% decline over 7 days and price below both SMA-7 and SMA-14, indicating a bearish trend. While RSI at 52.6 suggests neutral territory, the consistent downward pressure and lack of strong bullish catalysts make this unsuitable for entry at current confidence levels.",0.0,0.0,0.0,Holding — no trade,790.0,2,0.0
2026-04-15 06:22,DOGE-EUR,0.0791,0.079,0.0791,-0.25,0.0792,0.0794,52.1,HOLD,5,short-term (days),,,"DOGE-EUR shows mixed signals with sideways price action over 14 days, trading near SMA levels with neutral RSI at 52.1. While positive news around memecoin breakouts and X integration hints exist, the technical setup lacks strong directional conviction with only -0.2% weekly change.",0.0,0.0,0.0,Holding — no trade,790.0,2,0.0
2026-04-15 11:38,ETH-EUR,1977.095,1976.83,1977.36,5.52,1939.71,1885.0186,68.4,HOLD,6,short-term (days),,,"ETH shows strong upward momentum with +5.5% weekly gains and price above both SMAs, but RSI at 68.4 suggests approaching overbought territory. Mixed news sentiment and high volatility (€1782-€2013 range) indicate elevated risk for new positions.",0.0,0.0,0.0,Holding — no trade,790.0,2,0.0
2026-04-15 11:38,BTC-EUR,62891.55,62885.98,62897.12,2.37,62242.0386,60887.0314,72.5,HOLD,4,short-term (days),,,"While BTC shows positive momentum with +2.4% weekly gains and strong ETF inflows, the RSI-14 at 72.5 indicates overbought conditions suggesting potential near-term pullback. The price has risen from €57,998 to €62,896 (+8.4%) in just 14 days, warranting caution before entry.",0.0,0.0,0.0,Holding — no trade,790.0,2,0.0
2026-04-15 11:38,XRP-EUR,1.1558,1.1557,1.1559,0.55,1.154,1.1528,53.4,HOLD,5,short-term (days),,,"XRP shows mixed signals with modest 7-day gains (+0.6%) but high volatility and neutral RSI at 53.4. The tight bid-ask spread suggests good liquidity, but recent price action lacks clear directional momentum with frequent reversals between €1.13-€1.18 range.",0.0,0.0,0.0,Holding — no trade,790.0,2,0.0
2026-04-15 11:38,SOL-EUR,70.835,70.83,70.84,-0.62,71.6357,71.025,55.5,HOLD,5,short-term (days),,68.0,"SOL is currently trading below both 7-day and 14-day SMAs with existing position underwater by 2.9%. While RSI at 55.5 shows neutral momentum and recent news regarding Trump's Fed pick holding Solana is positive, the sideways price action and negative 7-day performance suggest waiting for clearer directional bias.",0.0,0.0,0.0,Holding — no trade,790.0,2,0.0
2026-04-15 11:38,LTC-EUR,46.21,46.2,46.22,-0.99,46.4571,46.46,55.8,HOLD,5,short-term (days),,,"LTC-EUR shows sideways consolidation between €45.33-€47.38 with neutral technical indicators (RSI 55.8, price near SMA levels). The -1% weekly decline and lack of strong directional momentum suggest waiting for a clearer breakout signal.",0.0,0.0,0.0,Holding — no trade,790.0,2,0.0
2026-04-15 11:38,DOGE-EUR,0.0791,0.0791,0.0792,-0.25,0.0793,0.0794,52.7,BUY,7,short-term (days),0.082,0.0775,"Multiple positive catalysts from Elon Musk's X platform integration and general memecoin breakout momentum provide fundamental support. Technical indicators show neutral RSI at 52.7 with price consolidating near SMA levels, suggesting potential for upward move on positive news flow.",1048.672566,82.95,0.0,Paper buy executed ✅,707.05,3,0.0
